-- MySQL dump 10.13  Distrib 8.0.22, for Linux (x86_64)
--
-- Host: lecture.cechxabyoyas.ap-south-1.rds.amazonaws.com    Database: FarmData
-- ------------------------------------------------------
-- Server version	8.0.17

/*!40101 SET @OLD_CHARACTER_SET_CLIENT=@@CHARACTER_SET_CLIENT */;
/*!40101 SET @OLD_CHARACTER_SET_RESULTS=@@CHARACTER_SET_RESULTS */;
/*!40101 SET @OLD_COLLATION_CONNECTION=@@COLLATION_CONNECTION */;
/*!50503 SET NAMES utf8 */;
/*!40103 SET @OLD_TIME_ZONE=@@TIME_ZONE */;
/*!40103 SET TIME_ZONE='+00:00' */;
/*!40014 SET @OLD_UNIQUE_CHECKS=@@UNIQUE_CHECKS, UNIQUE_CHECKS=0 */;
/*!40014 SET @OLD_FOREIGN_KEY_CHECKS=@@FOREIGN_KEY_CHECKS, FOREIGN_KEY_CHECKS=0 */;
/*!40101 SET @OLD_SQL_MODE=@@SQL_MODE, SQL_MODE='NO_AUTO_VALUE_ON_ZERO' */;
/*!40111 SET @OLD_SQL_NOTES=@@SQL_NOTES, SQL_NOTES=0 */;
SET @MYSQLDUMP_TEMP_LOG_BIN = @@SESSION.SQL_LOG_BIN;
SET @@SESSION.SQL_LOG_BIN= 0;

--
-- GTID state at the beginning of the backup 
--

SET @@GLOBAL.GTID_PURGED=/*!80000 '+'*/ '';

--
-- Table structure for table `data`
--

DROP TABLE IF EXISTS `data`;
/*!40101 SET @saved_cs_client     = @@character_set_client */;
/*!50503 SET character_set_client = utf8mb4 */;
CREATE TABLE `data` (
  `data_id` int(4) NOT NULL AUTO_INCREMENT,
  `d_pesticide_id` int(11) NOT NULL,
  `pesticide_name` varchar(60) NOT NULL,
  PRIMARY KEY (`data_id`)
) ENGINE=InnoDB AUTO_INCREMENT=168 DEFAULT CHARSET=latin1;
/*!40101 SET character_set_client = @saved_cs_client */;

--
-- Dumping data for table `data`
--

LOCK TABLES `data` WRITE;
/*!40000 ALTER TABLE `data` DISABLE KEYS */;
INSERT INTO `data` VALUES (1,1,'Ethrel'),(2,2,'Doom'),(3,3,'C'),(4,4,'D'),(5,5,'1'),(6,6,'2'),(7,7,'nnii'),(8,8,'qeqwe'),(9,9,'SahilDugaje'),(10,10,'3'),(11,11,'5'),(12,12,'8'),(14,13,'455'),(15,14,'1000000'),(16,15,'14'),(17,16,'dfghjk'),(18,17,''),(19,18,'sfafsdf'),(20,19,'sfafsdf'),(21,20,'qweqweqweqe'),(22,21,'qweqweqweqe'),(23,22,'hj'),(24,23,'sa'),(25,24,'etasd'),(26,25,'asda'),(27,26,'a'),(28,27,'adad'),(29,28,'er'),(30,29,'eeeee'),(31,30,'rrrrr'),(32,31,'sadaf'),(33,32,'QWRQWR'),(34,33,'wgsdv'),(35,34,'3yer'),(36,35,'sadaf'),(37,36,'QWRQWR'),(38,37,'wgsdv'),(39,38,'3yer'),(40,39,'q'),(41,40,'e'),(42,41,'f'),(43,42,'q'),(44,43,'e'),(45,44,'f'),(46,45,'dd'),(47,46,'v'),(48,47,'ty'),(49,48,'12ewq'),(50,49,'54egdfg'),(51,50,'U'),(52,51,'Bh'),(53,52,'Thhh'),(54,53,'Ghhh'),(55,54,'m'),(56,55,'m'),(57,56,'T'),(58,57,'we'),(59,58,'4'),(60,59,'4'),(61,60,'6'),(62,61,'6'),(63,62,'I'),(64,63,'6'),(65,64,'6'),(66,65,'I'),(67,66,'7'),(68,67,'9'),(69,68,'7'),(70,69,'9'),(71,70,'7'),(72,71,'9'),(73,72,'7'),(74,73,'9'),(75,74,'A05234'),(76,75,'A05234'),(77,76,'05234'),(78,77,'23444444'),(79,78,'23444444'),(80,79,'x'),(81,80,'ffff'),(82,81,'z'),(83,82,'z'),(84,83,'aasdassdassda'),(85,84,'wqe'),(86,85,'aasdassdassda'),(87,86,'wqe'),(88,87,'sdf'),(89,88,'sdf'),(90,89,'sdf'),(91,90,'z_ 78'),(92,91,'sulphar'),(93,92,'profilar '),(94,92,'profilar '),(95,93,'chuna '),(96,93,'chuna '),(97,94,'melody '),(98,94,'melody '),(99,95,'vsdf'),(100,96,'vsdf'),(101,97,'vsdf'),(102,98,'vsdf'),(103,99,'harshal'),(104,100,'Sahil'),(105,101,'Sahil'),(106,102,'u'),(107,103,'in'),(108,104,'out'),(109,105,'in'),(110,106,'out'),(111,107,'in'),(112,108,'out'),(113,109,'in'),(114,110,'out'),(115,111,'in'),(116,112,'out'),(117,113,'m 45'),(118,114,'boran'),(119,115,'z78'),(120,116,'tsvg'),(121,117,'tecno calcio'),(122,118,'silicon'),(123,119,'gshc'),(124,120,'Sudesh'),(125,121,'Sudesh'),(126,122,'dilate cppu'),(127,123,'ghade smooth karnya sathi (tri cantrnol  1 lit )'),(128,124,'Nahush'),(129,125,'aditya'),(130,126,'psb ksb '),(131,127,'pharas sulphate '),(132,128,'humic '),(133,129,'multiplex louid '),(134,130,'dfsfsdf'),(135,131,'23'),(136,132,'qweq1'),(137,133,'1231'),(138,134,'31232'),(139,135,'qweqwe`'),(140,135,'qweqwe`'),(141,136,'2a'),(142,136,'2a'),(143,137,'masdjn'),(144,138,'masdjn'),(145,139,'sdfsd'),(146,140,'wer'),(147,141,'wrwe'),(148,142,'sdsd'),(149,143,'xcvsv'),(150,144,'asd'),(151,145,'sds'),(152,146,'werwer'),(153,147,'wwetrt'),(154,148,'werwer'),(155,149,'wwetrt'),(156,150,'werwer'),(157,151,'wwetrt'),(158,152,'nn'),(159,153,'nn'),(160,154,'nn'),(161,155,'tdtdt'),(162,156,'j'),(163,157,'Rfxx'),(164,158,'Rfxx'),(165,159,'Rfxx'),(166,160,'Rfxx'),(167,161,'Rfxx');
/*!40000 ALTER TABLE `data` ENABLE KEYS */;
UNLOCK TABLES;

--
-- Table structure for table `farm`
--

DROP TABLE IF EXISTS `farm`;
/*!40101 SET @saved_cs_client     = @@character_set_client */;
/*!50503 SET character_set_client = utf8mb4 */;
CREATE TABLE `farm` (
  `farm_id` int(4) NOT NULL AUTO_INCREMENT,
  `farm_name` varchar(50) NOT NULL,
  PRIMARY KEY (`farm_id`)
) ENGINE=InnoDB AUTO_INCREMENT=246 DEFAULT CHARSET=latin1;
/*!40101 SET character_set_client = @saved_cs_client */;

--
-- Dumping data for table `farm`
--

LOCK TABLES `farm` WRITE;
/*!40000 ALTER TABLE `farm` DISABLE KEYS */;
INSERT INTO `farm` VALUES (1,'Aavan'),(2,'Sonaka'),(3,'Aavan'),(4,'Sonaka'),(5,'C'),(6,'qwert'),(7,'werty'),(8,'ertey'),(9,'a'),(10,'b'),(11,'c'),(12,'d'),(13,'e'),(14,'f'),(15,'g'),(16,'h'),(17,'a'),(18,'b'),(19,'c'),(20,'d'),(21,'e'),(22,'f'),(23,'g'),(24,'h'),(25,'a'),(26,'b'),(27,'c'),(28,'d'),(29,'e'),(30,'f'),(31,'g'),(32,'h'),(33,'a'),(34,'b'),(35,'c'),(36,'d'),(37,'e'),(38,'f'),(39,'g'),(40,'h'),(41,'a'),(42,'b'),(43,'c'),(44,'d'),(45,'e'),(46,'f'),(47,'g'),(48,'h'),(49,'a'),(50,'b'),(51,'c'),(52,'d'),(53,'e'),(54,'f'),(55,'g'),(56,'h'),(57,'Q'),(58,'W'),(59,'E'),(60,'R'),(61,'Aavan'),(62,'10 8'),(63,'Kali1'),(64,'Kali2'),(65,'1'),(66,'2'),(67,'3'),(68,'sonaka'),(69,'kali'),(70,'A'),(71,'B'),(72,'C'),(73,'A'),(74,'B'),(75,'C'),(76,'a'),(77,'c'),(78,'sharad 1 (1/10/20)'),(79,'sharad 2'),(80,'sharad 3'),(81,'1'),(82,'2'),(83,'3'),(84,'4'),(85,'8'),(86,'7'),(87,'9'),(88,'0'),(89,'765'),(90,'6'),(91,'86'),(92,'87'),(93,'1'),(94,'2'),(95,'3'),(96,'3'),(97,'sd'),(98,'ddfsdf'),(99,'qwe'),(100,'qeefsd'),(101,'a'),(102,'d'),(103,'v'),(104,'a'),(105,'d'),(106,'v'),(107,'q'),(108,'w'),(109,'e'),(110,'rtwrt'),(111,'sbxc'),(112,'xccv'),(113,'wwtwrt'),(114,'dddfdfb'),(115,'rq'),(116,'wdvv'),(117,'wtwrt'),(118,'dfdfb'),(119,'wef'),(120,'ghd'),(121,'wewer'),(122,'ebsfb'),(123,'we'),(124,'f'),(125,'r'),(126,'sd'),(127,'km'),(128,'non'),(129,'no'),(130,'ini'),(131,'knk'),(132,'km'),(133,'mk'),(134,'ojo'),(135,'onkn'),(136,'jnjn'),(137,'nkn'),(138,'harshak'),(139,'harshak'),(140,'jhakjc'),(141,'jhakjc'),(142,'A'),(143,'B'),(144,'sharad 1  (1--8--2020)'),(145,'sharad 2  (7--8--2020)'),(146,'sharad 3  (15--8--2020)'),(147,'A'),(148,'B'),(149,'C'),(150,'wfbqkfnqkjcqnskqnwkn'),(151,'bdbkqjdnnn'),(152,'plot 1'),(153,'Y sharad seedless'),(154,'Jumbo'),(155,'Kali'),(156,'eerrqrq'),(157,'aefef'),(158,'qqegwg'),(159,'1'),(160,'2432342'),(161,'1241352534636356563636'),(162,'annandlanslnd'),(163,'1'),(164,'2432342'),(165,'1241352534636356563636'),(166,'annandlanslnd'),(167,'1'),(168,'2432342'),(169,'1241352534636356563636'),(170,'annandlanslnd'),(171,'2qwqweqwe'),(172,'22eqw'),(173,'123123123123123123123'),(174,'123'),(175,'weq'),(176,'qweqweqwee'),(177,'weq'),(178,'qweqweqwee'),(179,'Doom'),(180,'Doom'),(181,'Doom'),(182,'Doom'),(183,'Doom'),(184,'Doom'),(185,'Doom'),(186,'Doom'),(187,'Doom'),(188,'Doom'),(189,'Doom'),(190,'Doom'),(191,'ss'),(192,'ss'),(193,'ss'),(194,'ss'),(195,'Aavan'),(196,'Aavan'),(197,'Aavan'),(198,'3234'),(199,'dasfasf'),(200,'fsfsf'),(201,'asasdasdd'),(202,'Doom'),(203,'Ethrel'),(204,'dthgv'),(205,'hvhjv'),(206,'werwwtwrt'),(207,'qweqrqrr'),(208,'qwqweqwe'),(209,'qwqwe'),(210,'asasd'),(211,'qweqweqweqw'),(212,'asdasdasdasd'),(213,'aweerwerwe'),(214,'kjnkjnkj'),(215,'qweqwe'),(216,'ffsdvv'),(217,'qwqweqwee'),(218,'wwwtwtert'),(219,'adasdasd'),(220,'werwer'),(221,'fsdsdf'),(222,'svsdfsdf'),(223,'2eqwe'),(224,'qwdqwe'),(225,'ccvcv'),(226,'23'),(227,'113'),(228,'qwnnqn'),(229,'nnkn'),(230,'nlnl'),(231,'hrthr'),(232,'ehrjt,'),(233,'feej'),(234,'qgejt'),(235,'ytftf'),(236,'dzsz'),(237,'xty'),(238,'jjhjhbh'),(239,'tfuyg'),(240,'skdfskn'),(241,'noinao'),(242,'knkoj'),(243,'ojojj'),(244,'wefenn\''),(245,'kjbb');
/*!40000 ALTER TABLE `farm` ENABLE KEYS */;
UNLOCK TABLES;

--
-- Table structure for table `farm_pesticide_rel`
--

DROP TABLE IF EXISTS `farm_pesticide_rel`;
/*!40101 SET @saved_cs_client     = @@character_set_client */;
/*!50503 SET character_set_client = utf8mb4 */;
CREATE TABLE `farm_pesticide_rel` (
  `farm_pesticide_id` int(4) NOT NULL AUTO_INCREMENT,
  `f_farm_id` int(11) NOT NULL,
  `f_pesticide_id` int(11) NOT NULL,
  `pesticide_quantity` int(11) DEFAULT NULL,
  `DATE` timestamp NOT NULL DEFAULT CURRENT_TIMESTAMP ON UPDATE CURRENT_TIMESTAMP,
  `UUID` varchar(36) NOT NULL,
  `unit` varchar(45) DEFAULT NULL,
  PRIMARY KEY (`farm_pesticide_id`)
) ENGINE=InnoDB AUTO_INCREMENT=307 DEFAULT CHARSET=latin1;
/*!40101 SET character_set_client = @saved_cs_client */;

--
-- Dumping data for table `farm_pesticide_rel`
--

LOCK TABLES `farm_pesticide_rel` WRITE;
/*!40000 ALTER TABLE `farm_pesticide_rel` DISABLE KEYS */;
INSERT INTO `farm_pesticide_rel` VALUES (1,1,24,2,'2020-10-09 23:57:12','0c9f5af0-0a5d-11eb-beda-34e6ade98748','ml'),(2,1,9,1,'2020-10-10 00:09:07','b6ab5b7e-0a5e-11eb-beda-34e6ade98748','gm'),(3,1,2,2,'2020-10-10 00:10:40','ee300bee-0a5e-11eb-beda-34e6ade98748','gm'),(4,1,3,11,'2020-10-10 00:14:59','88663d3c-0a5f-11eb-beda-34e6ade98748','ml'),(5,1,79,4,'2020-10-10 00:14:59','88663d3c-0a5f-11eb-beda-34e6ade98748','gm'),(6,1,80,45,'2020-10-10 00:20:52','5acecde8-0a60-11eb-beda-34e6ade98748','ml'),(7,1,53,67,'2020-10-10 00:20:52','5acecde8-0a60-11eb-beda-34e6ade98748','gm'),(8,2,1,2,'2020-10-11 00:48:51','6dec6b4c-0b2d-11eb-9514-34e6ade98748','ml'),(9,2,2,4,'2020-10-11 00:48:51','6dec6b4c-0b2d-11eb-9514-34e6ade98748','gm'),(10,61,1,45,'2020-10-14 16:45:48','9c321e83-0e0e-11eb-a603-02204bb0eece',NULL),(11,62,1,45,'2020-10-14 16:45:48','9c394682-0e0e-11eb-a406-02204bb0eece',NULL),(12,63,1,45,'2020-10-14 16:45:48','9c394683-0e0e-11eb-b6f0-02204bb0eece',NULL),(13,64,1,45,'2020-10-14 16:45:48','9c394684-0e0e-11eb-8d19-02204bb0eece',NULL),(14,1,1,23,'2020-10-14 22:12:59','51a4dd54-0e3c-11eb-b216-0ac72ce32cc5','ml'),(15,1,30,12,'2020-10-14 22:13:00','51a4dd54-0e3c-11eb-b216-0ac72ce32cc5','gm'),(16,2,1,23,'2020-10-14 22:13:00','52184078-0e3c-11eb-b216-0ac72ce32cc5','ml'),(17,2,30,12,'2020-10-14 22:13:00','52184078-0e3c-11eb-b216-0ac72ce32cc5','gm'),(18,1,33,1,'2020-10-14 22:47:47','2e27f8b6-0e41-11eb-a726-0af10669be3b','ml'),(19,1,20,3,'2020-10-14 22:47:47','2e27f8b6-0e41-11eb-a726-0af10669be3b','gm'),(20,1,3,4,'2020-10-14 22:47:48','2e27f8b6-0e41-11eb-a726-0af10669be3b','gm'),(21,1,81,2,'2020-10-14 22:47:49','2e27f8b6-0e41-11eb-a726-0af10669be3b','ml'),(22,2,33,1,'2020-10-14 22:47:49','2f481668-0e41-11eb-a726-0af10669be3b','ml'),(23,2,20,3,'2020-10-14 22:47:49','2f481668-0e41-11eb-a726-0af10669be3b','gm'),(24,2,3,4,'2020-10-14 22:47:50','2f481668-0e41-11eb-a726-0af10669be3b','gm'),(25,2,82,2,'2020-10-14 22:47:50','2f481668-0e41-11eb-a726-0af10669be3b','ml'),(26,61,46,77,'2020-10-16 16:39:50','1bcac1f0-0fa0-11eb-86e7-02204bb0eece',NULL),(27,62,46,77,'2020-10-16 16:39:50','1bcd2261-0fa0-11eb-adb4-02204bb0eece',NULL),(28,63,46,77,'2020-10-16 16:39:50','1bcf8536-0fa0-11eb-8d35-02204bb0eece',NULL),(29,64,46,77,'2020-10-16 16:39:50','1bcf8537-0fa0-11eb-af53-02204bb0eece',NULL),(30,1,83,2132,'2020-10-22 14:30:12','fe35b29c-1444-11eb-bd2b-34e6ade98748','gm'),(31,1,84,23,'2020-10-22 14:30:12','fe35b29c-1444-11eb-bd2b-34e6ade98748','gm'),(32,1,30,234,'2020-10-22 14:30:12','fe35b29c-1444-11eb-bd2b-34e6ade98748','gm'),(33,2,85,2132,'2020-10-22 14:30:13','fe35b29d-1444-11eb-bd2b-34e6ade98748','gm'),(34,2,86,23,'2020-10-22 14:30:13','fe35b29d-1444-11eb-bd2b-34e6ade98748','gm'),(35,2,30,234,'2020-10-22 14:30:13','fe35b29d-1444-11eb-bd2b-34e6ade98748','gm'),(36,65,87,324,'2020-10-22 14:35:47','c629d210-1445-11eb-bd2b-34e6ade98748','ml'),(37,66,88,324,'2020-10-22 14:35:48','c629d211-1445-11eb-bd2b-34e6ade98748','ml'),(38,67,89,324,'2020-10-22 14:35:48','c629d212-1445-11eb-bd2b-34e6ade98748','ml'),(39,70,2,56,'2020-11-20 00:47:52','',NULL),(40,71,2,56,'2020-11-20 00:47:52','',NULL),(41,72,2,56,'2020-11-20 00:47:52','',NULL),(42,76,1,200,'2020-11-20 01:56:29','811f0dea-2aa5-11eb-9322-02204bb0eece',NULL),(43,77,1,200,'2020-11-20 01:56:29','8123f051-2aa5-11eb-80f2-02204bb0eece',NULL),(44,78,90,400,'2020-11-20 16:24:50','ce8e4aee-2b1e-11eb-b79d-02204bb0eece',NULL),(45,78,1,100,'2020-11-20 16:50:04','55364e8b-2b22-11eb-9a27-02204bb0eece',NULL),(46,78,91,200,'2020-11-20 16:50:04','55364e8b-2b22-11eb-9a27-02204bb0eece',NULL),(47,4,1,33,'2020-11-20 20:36:17','ef1b7cd5-2b41-11eb-8380-02204bb0eece',NULL),(48,3,1,345,'2020-11-20 20:38:59','4f5a0202-2b42-11eb-8dd8-02204bb0eece',NULL),(49,3,24,233,'2020-11-20 20:39:02','4f5a0202-2b42-11eb-8dd8-02204bb0eece',NULL),(50,3,47,678,'2020-11-20 20:39:05','4f5a0202-2b42-11eb-8dd8-02204bb0eece',NULL),(51,4,1,345,'2020-11-20 20:39:09','55994827-2b42-11eb-96ca-02204bb0eece',NULL),(52,4,24,233,'2020-11-20 20:39:12','55994827-2b42-11eb-96ca-02204bb0eece',NULL),(53,4,47,678,'2020-11-20 20:39:12','55994827-2b42-11eb-96ca-02204bb0eece',NULL),(54,78,92,100,'2020-11-21 08:23:30','b9886524-2ba4-11eb-b37f-02204bb0eece',NULL),(55,78,92,100,'2020-11-21 08:23:34','bb76a08f-2ba4-11eb-b5f5-02204bb0eece',NULL),(56,78,93,200,'2020-11-21 08:23:35','b9886524-2ba4-11eb-b37f-02204bb0eece',NULL),(57,78,93,200,'2020-11-21 08:23:39','bb76a08f-2ba4-11eb-b5f5-02204bb0eece',NULL),(58,78,94,300,'2020-11-21 08:23:39','b9886524-2ba4-11eb-b37f-02204bb0eece',NULL),(59,78,94,300,'2020-11-21 08:23:43','bb76a08f-2ba4-11eb-b5f5-02204bb0eece',NULL),(60,78,92,100,'2020-11-21 08:23:43','c27fc652-2ba4-11eb-b1bd-02204bb0eece',NULL),(61,78,93,200,'2020-11-21 08:23:44','c27fc652-2ba4-11eb-b1bd-02204bb0eece',NULL),(62,78,94,300,'2020-11-21 08:23:44','c27fc652-2ba4-11eb-b1bd-02204bb0eece',NULL),(63,78,92,100,'2020-11-21 08:23:47','c4a0834f-2ba4-11eb-a84e-02204bb0eece',NULL),(64,78,93,200,'2020-11-21 08:23:48','c4a0834f-2ba4-11eb-a84e-02204bb0eece',NULL),(65,78,94,300,'2020-11-21 08:23:49','c4a0834f-2ba4-11eb-a84e-02204bb0eece',NULL),(66,78,92,100,'2020-11-21 08:23:52','c78ef0de-2ba4-11eb-8ff7-02204bb0eece',NULL),(67,78,93,200,'2020-11-21 08:23:54','c78ef0de-2ba4-11eb-8ff7-02204bb0eece',NULL),(68,78,94,300,'2020-11-21 08:24:00','c78ef0de-2ba4-11eb-8ff7-02204bb0eece',NULL),(69,134,1,899,'2020-11-21 18:38:17','9f4b04ee-2bfa-11eb-b495-7ff2019e6613','ml'),(70,134,95,234,'2020-11-21 18:38:18','9f4b04ee-2bfa-11eb-b495-7ff2019e6613','gm'),(71,135,1,899,'2020-11-21 18:38:18','9f4b04ef-2bfa-11eb-b495-7ff2019e6613','ml'),(72,135,96,234,'2020-11-21 18:38:18','9f4b04ef-2bfa-11eb-b495-7ff2019e6613','gm'),(73,136,1,899,'2020-11-21 18:38:18','9f4b04f0-2bfa-11eb-b495-7ff2019e6613','ml'),(74,136,97,234,'2020-11-21 18:38:19','9f4b04f0-2bfa-11eb-b495-7ff2019e6613','gm'),(75,137,1,899,'2020-11-21 18:38:19','a01d3270-2bfa-11eb-b495-7ff2019e6613','ml'),(76,137,98,234,'2020-11-21 18:38:19','a01d3270-2bfa-11eb-b495-7ff2019e6613','gm'),(77,137,1,234,'2020-11-21 18:41:44','1a8f3f08-2bfb-11eb-b495-7ff2019e6613','gm'),(78,3,1,123,'2020-11-21 23:29:07','400bde9e-2c23-11eb-b495-7ff2019e6613','gm'),(79,3,2,234,'2020-11-21 23:29:07','400bde9e-2c23-11eb-b495-7ff2019e6613','ml'),(80,4,1,123,'2020-11-21 23:29:07','400bde9f-2c23-11eb-b495-7ff2019e6613','gm'),(81,4,2,234,'2020-11-21 23:29:08','400bde9f-2c23-11eb-b495-7ff2019e6613','ml'),(82,93,1,123,'2020-11-21 23:29:08','400bdea0-2c23-11eb-b495-7ff2019e6613','gm'),(83,93,2,234,'2020-11-21 23:29:08','400bdea0-2c23-11eb-b495-7ff2019e6613','ml'),(84,94,1,123,'2020-11-21 23:29:08','400bdea1-2c23-11eb-b495-7ff2019e6613','gm'),(85,94,2,234,'2020-11-21 23:29:08','400bdea1-2c23-11eb-b495-7ff2019e6613','ml'),(86,95,1,123,'2020-11-21 23:29:08','400bdea2-2c23-11eb-b495-7ff2019e6613','gm'),(87,95,2,234,'2020-11-21 23:29:08','400bdea2-2c23-11eb-b495-7ff2019e6613','ml'),(88,3,99,200,'2020-11-22 00:37:06','bf21af02-2c2c-11eb-b495-7ff2019e6613','gm'),(89,3,100,500,'2020-11-22 00:37:06','bf21af02-2c2c-11eb-b495-7ff2019e6613','ml'),(90,4,99,200,'2020-11-22 00:37:06','bf21af03-2c2c-11eb-b495-7ff2019e6613','gm'),(91,4,101,500,'2020-11-22 00:37:06','bf21af03-2c2c-11eb-b495-7ff2019e6613','ml'),(92,3,102,54,'2020-11-22 03:56:34','997abae2-2c48-11eb-9398-02204bb0eece',NULL),(93,1,1,222,'2020-11-22 05:07:42','8c7a42da-2c52-11eb-bb56-026e5fc1805e','ml'),(94,1,2,678,'2020-11-22 05:07:42','8c7a42da-2c52-11eb-bb56-026e5fc1805e','gm'),(95,2,1,222,'2020-11-22 05:07:42','8c7a42db-2c52-11eb-860a-026e5fc1805e','ml'),(96,2,2,678,'2020-11-22 05:07:42','8c7a42db-2c52-11eb-860a-026e5fc1805e','gm'),(97,3,91,108,'2020-11-22 20:58:26','5d108feb-2cd7-11eb-a988-026e5fc1805e','ml'),(98,3,9,6,'2020-11-22 21:33:52','50da5908-2cdc-11eb-a9d6-a54a18817f4f','ml'),(99,4,9,6,'2020-11-22 21:33:52','50da5909-2cdc-11eb-a9d6-a54a18817f4f','ml'),(100,93,9,6,'2020-11-22 21:33:52','50da590a-2cdc-11eb-a9d6-a54a18817f4f','ml'),(101,94,9,6,'2020-11-22 21:33:53','50da590b-2cdc-11eb-a9d6-a54a18817f4f','ml'),(102,95,9,6,'2020-11-22 21:33:53','50da590c-2cdc-11eb-a9d6-a54a18817f4f','ml'),(103,1,51,1232,'2020-11-23 00:50:51','d5b10ef4-2cf7-11eb-a9d6-a54a18817f4f','ml'),(104,2,51,1232,'2020-11-23 00:50:52','d5b10ef5-2cf7-11eb-a9d6-a54a18817f4f','ml'),(105,3,103,25,'2020-11-23 00:54:54','65949ebf-2cf8-11eb-b08d-026e5fc1805e','ml'),(106,3,104,245,'2020-11-23 00:54:54','65949ebf-2cf8-11eb-b08d-026e5fc1805e','ml'),(107,4,105,25,'2020-11-23 00:54:54','65970110-2cf8-11eb-bd05-026e5fc1805e','ml'),(108,4,106,245,'2020-11-23 00:54:54','65970110-2cf8-11eb-bd05-026e5fc1805e','ml'),(109,93,107,25,'2020-11-23 00:54:54','659963a3-2cf8-11eb-8a26-026e5fc1805e','ml'),(110,93,108,245,'2020-11-23 00:54:54','659963a3-2cf8-11eb-8a26-026e5fc1805e','ml'),(111,94,109,25,'2020-11-23 00:54:54','659bc4de-2cf8-11eb-8d85-026e5fc1805e','ml'),(112,94,110,245,'2020-11-23 00:54:54','659bc4de-2cf8-11eb-8d85-026e5fc1805e','ml'),(113,95,111,25,'2020-11-23 00:54:54','659e2854-2cf8-11eb-abb7-026e5fc1805e','ml'),(114,95,112,245,'2020-11-23 00:54:54','659e2854-2cf8-11eb-abb7-026e5fc1805e','ml'),(115,1,1,258,'2020-11-23 01:06:58','14a722a3-2cfa-11eb-a6f7-026e5fc1805e','gm'),(116,3,50,780,'2020-11-23 01:07:34','2a961b1b-2cfa-11eb-9486-026e5fc1805e','ml'),(117,4,50,780,'2020-11-23 01:07:34','2a961b1c-2cfa-11eb-bfad-026e5fc1805e','ml'),(118,93,50,780,'2020-11-23 01:07:34','2a961b1d-2cfa-11eb-8173-026e5fc1805e','ml'),(119,94,50,780,'2020-11-23 01:07:34','2a961b1e-2cfa-11eb-9adb-026e5fc1805e','ml'),(120,95,50,780,'2020-11-23 01:07:34','2a987de8-2cfa-11eb-90bc-026e5fc1805e','ml'),(121,1,2,369,'2020-11-23 01:08:22','472ff006-2cfa-11eb-9534-026e5fc1805e','gm'),(122,1,1,66,'2020-11-23 01:08:34','4e3a9623-2cfa-11eb-821c-026e5fc1805e','ml'),(123,2,1,66,'2020-11-23 01:08:34','4e3cf935-2cfa-11eb-a205-026e5fc1805e','ml'),(124,144,113,300,'2020-11-23 10:45:49','f18a17d4-2d4a-11eb-8870-026e5fc1805e','gm'),(125,144,114,100,'2020-11-23 10:45:49','f18a17d4-2d4a-11eb-8870-026e5fc1805e','gm'),(126,1,47,25,'2020-11-23 11:30:19','28f35538-2d51-11eb-9da1-026e5fc1805e','gm'),(127,1,1,677,'2020-11-23 11:30:19','28f35538-2d51-11eb-9da1-026e5fc1805e','ml'),(128,1,2,89,'2020-11-23 11:30:19','28f35538-2d51-11eb-9da1-026e5fc1805e','gm'),(129,147,1,36,'2020-11-23 11:32:24','73991a30-2d51-11eb-b24d-026e5fc1805e','ml'),(130,144,115,588,'2020-11-23 11:49:18','cffeae3e-2d53-11eb-8b91-026e5fc1805e','gm'),(131,145,117,3,'2020-11-23 12:54:48','f67b74d0-2d5c-11eb-a2bb-026e5fc1805e','ml'),(132,144,118,200,'2020-11-23 14:24:58','8eeb32f8-2d69-11eb-9f2b-026e5fc1805e','gm'),(133,3,91,258,'2020-11-24 03:04:15','a0b36f7b-2dd3-11eb-b30f-026e5fc1805e','ml'),(134,3,80,369,'2020-11-24 03:04:16','a0b36f7b-2dd3-11eb-b30f-026e5fc1805e','gm'),(135,4,91,258,'2020-11-24 03:04:16','a0fb9f84-2dd3-11eb-baa0-026e5fc1805e','ml'),(136,4,80,369,'2020-11-24 03:04:16','a0fb9f84-2dd3-11eb-baa0-026e5fc1805e','gm'),(137,93,91,258,'2020-11-24 03:04:16','a0fb9f85-2dd3-11eb-bc11-026e5fc1805e','ml'),(138,93,80,369,'2020-11-24 03:04:16','a0fb9f85-2dd3-11eb-bc11-026e5fc1805e','gm'),(139,94,91,258,'2020-11-24 03:04:16','a0fd55b0-2dd3-11eb-a62e-026e5fc1805e','ml'),(140,94,80,369,'2020-11-24 03:04:16','a0fd55b0-2dd3-11eb-a62e-026e5fc1805e','gm'),(141,95,91,258,'2020-11-24 03:04:16','a0fff260-2dd3-11eb-9f08-026e5fc1805e','ml'),(142,95,80,369,'2020-11-24 03:04:16','a0fff260-2dd3-11eb-9f08-026e5fc1805e','gm'),(143,4,120,5,'2020-11-24 03:05:59','de4862b9-2dd3-11eb-bfc7-026e5fc1805e','ml'),(144,93,121,5,'2020-11-24 03:05:59','de4b4f3a-2dd3-11eb-ad6c-026e5fc1805e','ml'),(145,144,122,1,'2020-11-24 17:40:21','0552bfd7-2e4e-11eb-a182-026e5fc1805e','ml'),(146,3,1,345,'2020-11-24 23:51:33','e1a32522-2e81-11eb-878c-cf697fd64d1a','ml'),(147,4,1,345,'2020-11-24 23:51:33','e1a32523-2e81-11eb-878c-cf697fd64d1a','ml'),(148,93,1,345,'2020-11-24 23:51:33','e1a32524-2e81-11eb-878c-cf697fd64d1a','ml'),(149,94,1,345,'2020-11-24 23:51:34','e1a32525-2e81-11eb-878c-cf697fd64d1a','ml'),(150,95,1,345,'2020-11-24 23:51:34','e1a32526-2e81-11eb-878c-cf697fd64d1a','ml'),(151,146,123,1000,'2020-11-25 16:32:21','b109d467-2f0d-11eb-b9bd-026e5fc1805e','ml'),(152,3,1,250,'2020-11-26 18:23:29','606a0e26-2fe6-11eb-b2cb-026e5fc1805e','ml'),(153,3,2,369,'2020-11-26 18:23:29','606a0e26-2fe6-11eb-b2cb-026e5fc1805e','ml'),(154,3,113,28,'2020-11-26 18:23:29','606a0e26-2fe6-11eb-b2cb-026e5fc1805e','ml'),(155,4,1,250,'2020-11-26 18:23:29','606fe413-2fe6-11eb-a581-026e5fc1805e','ml'),(156,4,2,369,'2020-11-26 18:23:29','606fe413-2fe6-11eb-a581-026e5fc1805e','ml'),(157,4,113,28,'2020-11-26 18:23:29','606fe413-2fe6-11eb-a581-026e5fc1805e','ml'),(158,93,1,250,'2020-11-26 18:23:29','607245eb-2fe6-11eb-a6e5-026e5fc1805e','ml'),(159,93,2,369,'2020-11-26 18:23:29','607245eb-2fe6-11eb-a6e5-026e5fc1805e','ml'),(160,93,113,28,'2020-11-26 18:23:29','607245eb-2fe6-11eb-a6e5-026e5fc1805e','ml'),(161,154,1,36,'2020-11-26 18:26:16','c40f6c78-2fe6-11eb-8cda-026e5fc1805e','ml'),(162,154,124,25,'2020-11-26 18:26:16','c40f6c78-2fe6-11eb-8cda-026e5fc1805e','gm'),(163,154,92,150,'2020-11-30 18:59:44','1c28e032-3310-11eb-920c-0ae2061820c8','gm'),(164,2,125,123,'2020-12-02 22:31:02','f45d1cf1-34bf-11eb-bf58-026e5fc1805e','ml'),(165,1,125,456,'2020-12-02 22:33:05','3dcf3fb8-34c0-11eb-9c3d-026e5fc1805e','ml'),(166,1,9,123,'2020-12-02 22:33:05','3dcf3fb8-34c0-11eb-9c3d-026e5fc1805e','ml'),(167,2,125,456,'2020-12-02 22:33:05','3dd557e3-34c0-11eb-a2c5-026e5fc1805e','ml'),(168,2,9,123,'2020-12-02 22:33:05','3dd557e3-34c0-11eb-a2c5-026e5fc1805e','ml'),(169,2,25,1244,'2020-12-02 22:42:15','856baa00-34c1-11eb-9a99-026e5fc1805e','ml'),(170,2,57,789,'2020-12-02 22:42:15','856baa00-34c1-11eb-9a99-026e5fc1805e','gm'),(171,146,126,1000,'2020-12-03 09:38:43','3a521161-351d-11eb-84e1-026e5fc1805e','gm'),(172,146,127,8000,'2020-12-03 18:50:45','57996537-356a-11eb-b32e-026e5fc1805e','gm'),(173,146,128,500,'2020-12-03 18:50:45','57996537-356a-11eb-b32e-026e5fc1805e','gm'),(174,145,129,600,'2020-12-13 18:40:39','92b71797-3d44-11eb-af4b-026e5fc1805e','ml'),(175,3,9,258,'2020-12-17 00:30:33','f6e6183a-3fd0-11eb-8cd0-026e5fc1805e','ml'),(176,3,30,369,'2020-12-17 00:30:33','f6e6183a-3fd0-11eb-8cd0-026e5fc1805e','gm'),(177,4,9,258,'2020-12-17 00:30:33','f6eadd9c-3fd0-11eb-96c0-026e5fc1805e','ml'),(178,4,30,369,'2020-12-17 00:30:33','f6eadd9c-3fd0-11eb-96c0-026e5fc1805e','gm'),(179,93,9,258,'2020-12-17 00:30:33','f6eadd9d-3fd0-11eb-b541-026e5fc1805e','ml'),(180,93,30,369,'2020-12-17 00:30:33','f6eadd9d-3fd0-11eb-b541-026e5fc1805e','gm'),(181,94,9,258,'2020-12-17 00:30:33','f6ed4032-3fd0-11eb-b7e4-026e5fc1805e','ml'),(182,94,30,369,'2020-12-17 00:30:33','f6ed4032-3fd0-11eb-b7e4-026e5fc1805e','gm'),(183,95,9,258,'2020-12-17 00:30:33','f6ed4033-3fd0-11eb-b92c-026e5fc1805e','ml'),(184,95,30,369,'2020-12-17 00:30:33','f6ed4033-3fd0-11eb-b92c-026e5fc1805e','gm'),(185,156,130,35345,'2020-12-29 15:03:08','cc218b8c-49b8-11eb-9d06-026e5fc1805e','ml'),(186,156,9,-61,'2020-12-29 15:10:04','c403e9ae-49b9-11eb-ace8-026e5fc1805e','ml'),(187,157,9,-61,'2020-12-29 15:10:04','c4083be0-49b9-11eb-ae2b-026e5fc1805e','ml'),(188,158,9,-61,'2020-12-29 15:10:04','c4083be1-49b9-11eb-8a63-026e5fc1805e','ml'),(189,94,93,500,'2020-12-29 18:59:47','db19aab1-49d9-11eb-93ba-026e5fc1805e','ml'),(190,94,123,366,'2020-12-29 18:59:47','db19aab1-49d9-11eb-93ba-026e5fc1805e','ml'),(191,95,93,500,'2020-12-29 18:59:47','db2606c7-49d9-11eb-8a6c-026e5fc1805e','ml'),(192,95,123,366,'2020-12-29 18:59:47','db2606c7-49d9-11eb-8a6c-026e5fc1805e','ml'),(193,3,1,23,'2020-12-29 22:30:53','68c7dbd4-49f7-11eb-b4ed-b360d96bbf1e','ml'),(194,3,3,4234,'2020-12-29 22:30:53','68c7dbd4-49f7-11eb-b4ed-b360d96bbf1e','ml'),(195,4,1,23,'2020-12-29 22:30:53','68c7dbd5-49f7-11eb-b4ed-b360d96bbf1e','ml'),(196,4,3,4234,'2020-12-29 22:30:53','68c7dbd5-49f7-11eb-b4ed-b360d96bbf1e','ml'),(197,173,33,32,'2020-12-29 23:03:27','f5a77a24-49fb-11eb-b4ed-b360d96bbf1e','ml'),(198,173,33,32,'2020-12-29 23:04:48','26098c0c-49fc-11eb-b4ed-b360d96bbf1e','ml'),(199,173,131,2323,'2020-12-29 23:05:05','30472184-49fc-11eb-b4ed-b360d96bbf1e','ml'),(200,173,131,2323,'2020-12-29 23:06:48','6d54dbc0-49fc-11eb-b4ed-b360d96bbf1e','ml'),(201,173,131,2323,'2020-12-29 23:07:12','7c0a7c56-49fc-11eb-b4ed-b360d96bbf1e','ml'),(202,173,20,34234,'2020-12-29 23:07:27','84973f08-49fc-11eb-b4ed-b360d96bbf1e','ml'),(203,202,132,2313,'2020-12-29 23:35:31','704e8e08-4a00-11eb-b4ed-b360d96bbf1e','ml'),(204,202,132,2313,'2020-12-29 23:35:33','71fab2b8-4a00-11eb-b4ed-b360d96bbf1e','ml'),(205,203,133,3223,'2020-12-29 23:36:22','8edc6192-4a00-11eb-b4ed-b360d96bbf1e','ml'),(206,203,134,4234,'2020-12-29 23:36:22','8edc6192-4a00-11eb-b4ed-b360d96bbf1e','ml'),(207,203,133,3223,'2020-12-29 23:36:27','91af2c4c-4a00-11eb-b4ed-b360d96bbf1e','ml'),(208,203,134,4234,'2020-12-29 23:36:27','91af2c4c-4a00-11eb-b4ed-b360d96bbf1e','ml'),(209,202,14,23,'2020-12-29 23:36:35','968b1f14-4a00-11eb-b4ed-b360d96bbf1e','ml'),(210,202,14,23,'2020-12-29 23:36:36','972a9a4e-4a00-11eb-b4ed-b360d96bbf1e','ml'),(211,202,14,23,'2020-12-29 23:37:26','b53133cc-4a00-11eb-b4ed-b360d96bbf1e','ml'),(212,202,1,23,'2020-12-29 23:37:35','ba38a8b4-4a00-11eb-b4ed-b360d96bbf1e','ml'),(213,202,1,23,'2020-12-29 23:38:26','d903b0ae-4a00-11eb-b4ed-b360d96bbf1e','ml'),(214,202,34,23,'2020-12-29 23:38:36','deeaa1b2-4a00-11eb-b4ed-b360d96bbf1e','ml'),(215,202,34,23,'2020-12-29 23:40:12','17d6ac78-4a01-11eb-b4ed-b360d96bbf1e','ml'),(216,202,20,3,'2020-12-29 23:40:22','1e2f24ce-4a01-11eb-b4ed-b360d96bbf1e','ml'),(217,202,20,3,'2020-12-29 23:41:07','390d1774-4a01-11eb-b4ed-b360d96bbf1e','ml'),(218,202,1,12,'2020-12-29 23:41:19','3fa712f6-4a01-11eb-b4ed-b360d96bbf1e','ml'),(219,202,1,12,'2020-12-29 23:42:11','5ef17cc8-4a01-11eb-b4ed-b360d96bbf1e','ml'),(220,202,33,312,'2020-12-29 23:42:23','661989d2-4a01-11eb-b4ed-b360d96bbf1e','ml'),(221,202,33,312,'2020-12-29 23:42:24','66884516-4a01-11eb-b4ed-b360d96bbf1e','ml'),(222,202,1,123,'2020-12-29 23:43:23','89f62040-4a01-11eb-b4ed-b360d96bbf1e','ml'),(223,202,1,123,'2020-12-29 23:43:23','8a0f2e64-4a01-11eb-b4ed-b360d96bbf1e','ml'),(224,202,1,123,'2020-12-29 23:43:24','8a41f90c-4a01-11eb-b4ed-b360d96bbf1e','ml'),(225,202,1,123,'2020-12-29 23:43:24','8aad5972-4a01-11eb-b4ed-b360d96bbf1e','ml'),(226,202,1,123,'2020-12-29 23:43:25','8b102340-4a01-11eb-b4ed-b360d96bbf1e','ml'),(227,202,1,123,'2020-12-29 23:43:26','8baf0438-4a01-11eb-b4ed-b360d96bbf1e','ml'),(228,202,1,123,'2020-12-29 23:43:27','8c10be26-4a01-11eb-b4ed-b360d96bbf1e','ml'),(229,202,1,123,'2020-12-29 23:43:27','8c73eab4-4a01-11eb-b4ed-b360d96bbf1e','ml'),(230,202,84,213,'2020-12-29 23:44:11','a6b6b3ca-4a01-11eb-b4ed-b360d96bbf1e','ml'),(231,204,135,232,'2020-12-29 23:45:48','e049f0de-4a01-11eb-b4ed-b360d96bbf1e','ml'),(232,204,135,232,'2020-12-29 23:45:49','e0628068-4a01-11eb-b4ed-b360d96bbf1e','ml'),(233,224,136,123,'2020-12-30 00:15:35','096826a8-4a06-11eb-b4ed-b360d96bbf1e','ml'),(234,224,136,123,'2020-12-30 00:15:35','09b12a2e-4a06-11eb-b4ed-b360d96bbf1e','ml'),(235,224,136,123,'2020-12-30 00:15:35','09991f10-4a06-11eb-b4ed-b360d96bbf1e','ml'),(236,224,136,123,'2020-12-30 00:15:36','09cd1a90-4a06-11eb-b4ed-b360d96bbf1e','ml'),(237,228,137,2323,'2020-12-30 00:36:20','ef584560-4a08-11eb-b4ed-b360d96bbf1e','ml'),(238,229,138,2323,'2020-12-30 00:36:20','ef584561-4a08-11eb-b4ed-b360d96bbf1e','ml'),(239,228,139,24,'2020-12-30 00:46:54','695559c4-4a0a-11eb-b4ed-b360d96bbf1e','ml'),(240,228,140,34,'2020-12-30 00:46:54','695559c4-4a0a-11eb-b4ed-b360d96bbf1e','ml'),(241,228,139,24,'2020-12-30 00:47:53','8cbd97f0-4a0a-11eb-b4ed-b360d96bbf1e','ml'),(242,228,140,34,'2020-12-30 00:47:53','8cbd97f0-4a0a-11eb-b4ed-b360d96bbf1e','ml'),(243,228,140,234,'2020-12-30 00:48:08','9573e48a-4a0a-11eb-b4ed-b360d96bbf1e','ml'),(244,228,140,234,'2020-12-30 00:48:11','975aa27a-4a0a-11eb-b4ed-b360d96bbf1e','ml'),(245,228,140,234,'2020-12-30 00:48:25','9fa7c2d2-4a0a-11eb-b4ed-b360d96bbf1e','ml'),(246,228,141,345,'2020-12-30 00:48:42','a9d125be-4a0a-11eb-b4ed-b360d96bbf1e','ml'),(247,228,141,345,'2020-12-30 00:48:43','aa3fb06a-4a0a-11eb-b4ed-b360d96bbf1e','ml'),(248,228,141,345,'2020-12-30 00:49:20','c073858c-4a0a-11eb-b4ed-b360d96bbf1e','ml'),(249,228,87,23,'2020-12-30 00:49:33','c82372b0-4a0a-11eb-b4ed-b360d96bbf1e','ml'),(250,228,87,23,'2020-12-30 00:50:25','e711c5aa-4a0a-11eb-b4ed-b360d96bbf1e','ml'),(251,228,142,234,'2020-12-30 00:50:35','ed022414-4a0a-11eb-b4ed-b360d96bbf1e','ml'),(252,228,142,234,'2020-12-30 00:50:48','f4cbbf8e-4a0a-11eb-b4ed-b360d96bbf1e','ml'),(253,228,143,324,'2020-12-30 00:51:01','fc41dbcc-4a0a-11eb-b4ed-b360d96bbf1e','ml'),(254,228,143,324,'2020-12-30 00:51:20','0814f326-4a0b-11eb-b4ed-b360d96bbf1e','ml'),(255,228,144,34,'2020-12-30 00:51:37','122026c4-4a0b-11eb-b4ed-b360d96bbf1e','ml'),(256,228,145,234,'2020-12-30 00:51:38','122026c4-4a0b-11eb-b4ed-b360d96bbf1e','ml'),(257,228,146,34534,'2020-12-30 00:51:59','1f4dd42c-4a0b-11eb-b4ed-b360d96bbf1e','gm'),(258,228,147,2534,'2020-12-30 00:52:00','1f4dd42c-4a0b-11eb-b4ed-b360d96bbf1e','ml'),(259,229,148,34534,'2020-12-30 00:52:01','1f4dd42d-4a0b-11eb-b4ed-b360d96bbf1e','gm'),(260,229,149,2534,'2020-12-30 00:52:01','1f4dd42d-4a0b-11eb-b4ed-b360d96bbf1e','ml'),(261,230,150,34534,'2020-12-30 00:52:01','20739404-4a0b-11eb-b4ed-b360d96bbf1e','gm'),(262,230,151,2534,'2020-12-30 00:52:02','20739404-4a0b-11eb-b4ed-b360d96bbf1e','ml'),(263,228,1,345,'2020-12-30 00:53:06','46d1a244-4a0b-11eb-b4ed-b360d96bbf1e','ml'),(264,229,1,345,'2020-12-30 00:53:06','46d1a245-4a0b-11eb-b4ed-b360d96bbf1e','ml'),(265,230,1,345,'2020-12-30 00:53:06','46d1a246-4a0b-11eb-b4ed-b360d96bbf1e','ml'),(266,1,1,786,'2020-12-30 12:39:28','f51eb136-4a6d-11eb-b998-0aba5ae78358','ml'),(267,235,152,900,'2020-12-30 12:41:18','363affb2-4a6e-11eb-b998-0aba5ae78358','ml'),(268,236,153,900,'2020-12-30 12:41:18','363affb3-4a6e-11eb-b998-0aba5ae78358','ml'),(269,237,154,900,'2020-12-30 12:41:18','363affb4-4a6e-11eb-b998-0aba5ae78358','ml'),(270,235,155,87687,'2020-12-30 12:42:47','6b96f5a8-4a6e-11eb-b998-0aba5ae78358','ml'),(271,235,1,765,'2020-12-30 12:42:47','6b96f5a8-4a6e-11eb-b998-0aba5ae78358','ml'),(272,235,156,98,'2020-12-30 12:42:47','6b96f5a8-4a6e-11eb-b998-0aba5ae78358','ml'),(273,3,1,323,'2020-12-30 13:12:08','854bf9ea-4a72-11eb-9b93-21512118b74d','ml'),(274,3,146,234,'2020-12-30 13:12:08','854bf9ea-4a72-11eb-9b93-21512118b74d','ml'),(275,4,1,323,'2020-12-30 13:12:09','854bf9eb-4a72-11eb-9b93-21512118b74d','ml'),(276,4,146,234,'2020-12-30 13:12:09','854bf9eb-4a72-11eb-9b93-21512118b74d','ml'),(277,244,1,234234,'2020-12-30 13:39:06','49c98d70-4a76-11eb-9b93-21512118b74d','ml'),(278,244,2,34,'2020-12-30 13:39:07','49c98d70-4a76-11eb-9b93-21512118b74d','ml'),(279,245,1,234234,'2020-12-30 13:39:07','49c98d71-4a76-11eb-9b93-21512118b74d','ml'),(280,245,2,34,'2020-12-30 13:39:07','49c98d71-4a76-11eb-9b93-21512118b74d','ml'),(281,3,1,3434,'2020-12-30 13:44:11','ff5d93a2-4a76-11eb-b998-0aba5ae78358','ml'),(282,4,1,3434,'2020-12-30 13:44:11','ff5d93a3-4a76-11eb-b998-0aba5ae78358','ml'),(283,1,2,312,'2020-12-30 14:43:02','37bfe760-4a7f-11eb-b998-0aba5ae78358','ml'),(284,1,1,519,'2020-12-30 14:43:02','37bfe760-4a7f-11eb-b998-0aba5ae78358','ml'),(285,2,2,312,'2020-12-30 14:43:02','37bfe761-4a7f-11eb-b998-0aba5ae78358','ml'),(286,2,1,519,'2020-12-30 14:43:02','37bfe761-4a7f-11eb-b998-0aba5ae78358','ml'),(287,1,1,699,'2020-12-30 14:43:12','3e0e2960-4a7f-11eb-b998-0aba5ae78358','ml'),(288,1,1,258,'2020-12-30 15:45:22','ed4f4186-4a87-11eb-b998-0aba5ae78358','ml'),(289,1,2,258,'2020-12-30 15:45:22','ed4f4186-4a87-11eb-b998-0aba5ae78358','ml'),(290,2,1,258,'2020-12-30 15:45:22','ed4f4187-4a87-11eb-b998-0aba5ae78358','ml'),(291,2,2,258,'2020-12-30 15:45:22','ed4f4187-4a87-11eb-b998-0aba5ae78358','ml'),(292,3,1,258,'2020-12-30 16:04:00','87bae49e-4a8a-11eb-b998-0aba5ae78358','ml'),(293,3,41,369,'2020-12-30 16:04:00','87bae49e-4a8a-11eb-b998-0aba5ae78358','ml'),(294,3,157,268,'2020-12-30 16:04:00','87bae49e-4a8a-11eb-b998-0aba5ae78358','ml'),(295,4,1,258,'2020-12-30 16:04:00','87bae49f-4a8a-11eb-b998-0aba5ae78358','ml'),(296,4,41,369,'2020-12-30 16:04:00','87bae49f-4a8a-11eb-b998-0aba5ae78358','ml'),(297,4,158,268,'2020-12-30 16:04:00','87bae49f-4a8a-11eb-b998-0aba5ae78358','ml'),(298,93,1,258,'2020-12-30 16:04:00','87bae4a0-4a8a-11eb-b998-0aba5ae78358','ml'),(299,93,41,369,'2020-12-30 16:04:00','87bae4a0-4a8a-11eb-b998-0aba5ae78358','ml'),(300,93,159,268,'2020-12-30 16:04:00','87bae4a0-4a8a-11eb-b998-0aba5ae78358','ml'),(301,94,1,258,'2020-12-30 16:04:00','87bae4a1-4a8a-11eb-b998-0aba5ae78358','ml'),(302,94,41,369,'2020-12-30 16:04:00','87bae4a1-4a8a-11eb-b998-0aba5ae78358','ml'),(303,94,160,268,'2020-12-30 16:04:00','87bae4a1-4a8a-11eb-b998-0aba5ae78358','ml'),(304,95,1,258,'2020-12-30 16:04:00','87bae4a2-4a8a-11eb-b998-0aba5ae78358','ml'),(305,95,41,369,'2020-12-30 16:04:00','87bae4a2-4a8a-11eb-b998-0aba5ae78358','ml'),(306,95,161,268,'2020-12-30 16:04:00','87bae4a2-4a8a-11eb-b998-0aba5ae78358','ml');
/*!40000 ALTER TABLE `farm_pesticide_rel` ENABLE KEYS */;
UNLOCK TABLES;

--
-- Table structure for table `user`
--

DROP TABLE IF EXISTS `user`;
/*!40101 SET @saved_cs_client     = @@character_set_client */;
/*!50503 SET character_set_client = utf8mb4 */;
CREATE TABLE `user` (
  `user_id` int(11) NOT NULL AUTO_INCREMENT,
  `user_name` varchar(50) DEFAULT NULL,
  `email` varchar(50) DEFAULT NULL,
  `mobile_no` varchar(10) DEFAULT NULL,
  `passw` varchar(50) NOT NULL,
  `numOfFarmStepStatus` int(1) DEFAULT '0',
  `NameOfFarmStepStatus` int(1) DEFAULT '0',
  `numOfFarm` int(5) DEFAULT NULL,
  PRIMARY KEY (`user_id`),
  UNIQUE KEY `email_UNIQUE` (`email`),
  UNIQUE KEY `mobile_no_UNIQUE` (`mobile_no`)
) ENGINE=InnoDB AUTO_INCREMENT=122 DEFAULT CHARSET=latin1;
/*!40101 SET character_set_client = @saved_cs_client */;

--
-- Dumping data for table `user`
--

LOCK TABLES `user` WRITE;
/*!40000 ALTER TABLE `user` DISABLE KEYS */;
INSERT INTO `user` VALUES (1,NULL,'dugajesahil@gmail.com',NULL,'sahil',1,1,3),(2,NULL,'dugajenikhil@gmail.com',NULL,'nikhil',1,1,3),(4,NULL,'sa@gmail.com',NULL,'sa',NULL,NULL,NULL),(5,NULL,'sahildugaje@gmail.com',NULL,'sahil',NULL,NULL,NULL),(6,NULL,'',NULL,'',NULL,NULL,NULL),(7,NULL,'dugajesahil1@gmail.com',NULL,'sahil1',NULL,NULL,NULL),(9,NULL,'sahildugaje2@gmail.com',NULL,'sahil2',NULL,NULL,NULL),(11,NULL,'sahil@gmail.com',NULL,'sahil',NULL,NULL,NULL),(12,NULL,'sahildugaje.btechiot@sandipuniversity.edu.in',NULL,'sahil',NULL,NULL,NULL),(13,NULL,'sahi@gmail.com',NULL,'sahil',NULL,NULL,NULL),(14,NULL,'sahil@g',NULL,'sa',NULL,NULL,NULL),(15,NULL,'l@g',NULL,'s',NULL,NULL,NULL),(16,NULL,'95521675@66',NULL,'9552167566',NULL,NULL,NULL),(17,NULL,'5sudeshgatakal@gmail.com',NULL,'9552167566',NULL,NULL,NULL),(18,NULL,'s@g',NULL,'s',NULL,NULL,NULL),(19,NULL,'a@',NULL,'a',NULL,NULL,NULL),(21,NULL,'a@g',NULL,'a',NULL,NULL,NULL),(22,NULL,'aa@',NULL,'aa',NULL,NULL,NULL),(23,NULL,'b@',NULL,'b',NULL,NULL,NULL),(25,NULL,'b@g',NULL,'b',NULL,NULL,NULL),(27,NULL,'c@',NULL,'c',NULL,NULL,NULL),(28,NULL,'c@g',NULL,'c',NULL,NULL,NULL),(29,NULL,'d@',NULL,'d',NULL,NULL,NULL),(30,NULL,'d@g',NULL,'d',NULL,NULL,NULL),(31,NULL,'3@',NULL,'w',NULL,NULL,NULL),(33,NULL,'j2@',NULL,'',NULL,NULL,NULL),(34,NULL,'@',NULL,'w',NULL,NULL,NULL),(35,NULL,'er@',NULL,'er',NULL,NULL,NULL),(36,NULL,'ww@',NULL,'',NULL,NULL,NULL),(37,NULL,'22@',NULL,'2',NULL,NULL,NULL),(38,NULL,'33@`',NULL,'',NULL,NULL,NULL),(39,NULL,'23123@',NULL,'',NULL,NULL,NULL),(40,NULL,'123@',NULL,'',NULL,NULL,NULL),(41,NULL,'qwerr@',NULL,'q',1,0,NULL),(42,NULL,'er@33',NULL,'23',1,1,12),(44,NULL,'CC@',NULL,'C',1,1,3),(45,NULL,'22222@',NULL,'22',1,1,2),(46,NULL,'#',NULL,'',1,1,3),(47,NULL,'tjtn@',NULL,'f',1,1,3),(48,NULL,'qweqr@',NULL,'aafa',1,1,3),(49,NULL,'wqew@',NULL,'as',1,1,2),(50,NULL,'453@',NULL,'sdf',1,1,2),(51,NULL,'wtwrt@',NULL,'rr',1,1,2),(52,NULL,'fafasf@',NULL,'we',1,1,2),(53,NULL,'jowgn@',NULL,'df',1,1,2),(54,NULL,'ok@',NULL,'ok',1,1,5),(55,NULL,'ewtwet@',NULL,'aer',1,1,6),(56,NULL,'omo@',NULL,'kjn',1,1,4),(57,NULL,'nfh',NULL,'siisdjs',0,0,NULL),(58,NULL,'dugajesahil@gmail.com2',NULL,'sahil',1,1,2),(61,NULL,'5sudeshgatkal@gmail.com',NULL,'9552167566',1,1,3),(62,NULL,'Dugaje@gmail.com',NULL,'Dugaje',1,1,3),(63,NULL,'as@',NULL,'a',1,1,3),(64,NULL,'roshandawange123@gmail.com',NULL,'Roshanpatil@6431',1,1,1),(72,NULL,'Nahush@gmail.com',NULL,'Nahush',1,1,2),(74,NULL,'asaa@',NULL,'afasf',1,1,3),(75,NULL,'asdasda@',NULL,'assa',1,1,4),(76,NULL,'adasfaf@as',NULL,'asass',1,1,2),(78,NULL,'asdasdass@asfa',NULL,'assddasdd',0,0,NULL),(80,NULL,'11@1',NULL,'1',1,1,2),(81,NULL,'qweqw@aa',NULL,'12',1,1,2),(82,NULL,'qweqr@32342',NULL,'sfsf',1,1,1),(83,NULL,'fffadf@sdf',NULL,'sf',1,1,1),(84,NULL,'hvghv@fgq',NULL,'d',1,1,1),(85,NULL,'qweqwe@asra',NULL,'a',1,1,1),(86,NULL,'4323423@234',NULL,'qr',1,1,2),(87,NULL,'dqwdqwe@wr',NULL,'w',1,1,1),(88,NULL,'werqr@eer',NULL,'af',1,1,2),(89,NULL,'rqeeewgdsg@dfg',NULL,'q',1,1,2),(90,NULL,'ASDAKB@ALRIL',NULL,'nln',1,1,1),(91,NULL,'erweter@d',NULL,'k',1,1,1),(92,NULL,'adasd@asf',NULL,'as',1,1,1),(93,NULL,'asdbakdsbk@nkn',NULL,'n',1,1,1),(94,NULL,'asdad@fa',NULL,'asas',1,1,1),(95,NULL,'asdasd@aasd',NULL,'qq',1,1,1),(96,NULL,'adadasdasda@s',NULL,'as',1,1,1),(97,NULL,'aweqwe@werwe',NULL,'wwer',1,1,1),(98,NULL,'cfcht@ug',NULL,'t',1,1,1),(99,NULL,'gvgvjhbhb@fj',NULL,'h',1,1,2),(100,NULL,'sdafvz@sdg',NULL,'adf',1,1,1),(101,NULL,'qweqwdgsg@sk',NULL,'e',1,1,1),(102,NULL,'hvmnb@kj',NULL,'d',1,1,1),(103,NULL,'nn@nl',NULL,'n',1,1,2),(104,NULL,'knkn@nk',NULL,'lnnln',1,1,1),(105,NULL,'qwnsvn@sdf',NULL,'ndfn',1,1,3),(106,NULL,'nionio@nin',NULL,'i',1,1,2),(108,NULL,'llkml@l',NULL,'ll',1,0,2),(110,NULL,'knn@nlnl',NULL,'n',1,0,3),(111,NULL,'nknknl@nlnl',NULL,'ln',1,0,2),(112,NULL,'qweqweqwe@gmail.com',NULL,'da',1,0,2),(113,NULL,'akjbdkb@Kbkb',NULL,'kbkb',1,0,2),(115,NULL,'jnknkn@Knkn',NULL,'knk',1,1,3),(116,NULL,'bgnghm@sfd',NULL,'sfh',1,1,4),(117,NULL,'hgvhgvv@d',NULL,'r',1,1,3),(118,NULL,'dugajenikjnjknkhil@gmail.com',NULL,'n',1,1,2),(119,NULL,'asbdkabdkanjn@njnk',NULL,'nkn',1,1,2),(120,NULL,'dasd@o',NULL,'jo',1,1,2),(121,NULL,'asdasfknk@lmlm',NULL,'lml\'',1,1,2);
/*!40000 ALTER TABLE `user` ENABLE KEYS */;
UNLOCK TABLES;

--
-- Table structure for table `user_farm_rel`
--

DROP TABLE IF EXISTS `user_farm_rel`;
/*!40101 SET @saved_cs_client     = @@character_set_client */;
/*!50503 SET character_set_client = utf8mb4 */;
CREATE TABLE `user_farm_rel` (
  `user_farm_id` int(11) NOT NULL AUTO_INCREMENT,
  `uf_user_id` int(11) DEFAULT NULL,
  `uf_farm_id` int(11) DEFAULT NULL,
  PRIMARY KEY (`user_farm_id`)
) ENGINE=InnoDB AUTO_INCREMENT=246 DEFAULT CHARSET=latin1;
/*!40101 SET character_set_client = @saved_cs_client */;

--
-- Dumping data for table `user_farm_rel`
--

LOCK TABLES `user_farm_rel` WRITE;
/*!40000 ALTER TABLE `user_farm_rel` DISABLE KEYS */;
INSERT INTO `user_farm_rel` VALUES (1,1,1),(2,1,2),(3,2,3),(4,2,4),(5,6,5),(6,6,6),(7,6,7),(8,6,8),(9,7,9),(10,7,10),(11,7,11),(12,7,12),(13,7,13),(14,7,14),(15,7,15),(16,7,16),(17,7,17),(18,7,18),(19,7,19),(20,7,20),(21,7,21),(22,7,22),(23,7,23),(24,7,24),(25,7,25),(26,7,26),(27,7,27),(28,7,28),(29,7,29),(30,7,30),(31,7,31),(32,7,32),(33,7,33),(34,7,34),(35,7,35),(36,7,36),(37,7,37),(38,7,38),(39,7,39),(40,7,40),(41,7,41),(42,7,42),(43,7,43),(44,7,44),(45,7,45),(46,7,46),(47,7,47),(48,7,48),(49,7,49),(50,7,50),(51,7,51),(52,7,52),(53,7,53),(54,7,54),(55,7,55),(56,7,56),(57,9,57),(58,9,58),(59,9,59),(60,9,60),(61,11,61),(62,11,62),(63,11,63),(64,11,64),(65,12,65),(66,12,66),(67,12,67),(68,13,68),(69,13,69),(70,14,70),(71,14,71),(72,14,72),(73,14,73),(74,14,74),(75,14,75),(76,15,76),(77,15,77),(78,17,78),(79,17,79),(80,17,80),(81,42,81),(82,42,82),(83,42,83),(84,42,84),(85,42,85),(86,42,86),(87,42,87),(88,42,88),(89,42,89),(90,42,90),(91,42,91),(92,42,92),(93,2,93),(94,2,94),(95,2,95),(96,44,96),(97,44,97),(98,44,98),(99,45,99),(100,45,100),(101,46,101),(102,46,102),(103,46,103),(104,46,104),(105,46,105),(106,46,106),(107,47,107),(108,47,108),(109,47,109),(110,48,110),(111,48,111),(112,48,112),(113,49,113),(114,49,114),(115,50,115),(116,50,116),(117,51,117),(118,51,118),(119,52,119),(120,52,120),(121,53,121),(122,53,122),(123,54,123),(124,54,124),(125,54,125),(126,54,126),(127,54,127),(128,55,128),(129,55,129),(130,55,130),(131,55,131),(132,55,132),(133,55,133),(134,56,134),(135,56,135),(136,56,136),(137,56,137),(138,57,138),(139,57,139),(140,57,140),(141,57,141),(142,58,142),(143,58,143),(144,61,144),(145,61,145),(146,61,146),(147,62,147),(148,62,148),(149,62,149),(150,63,150),(151,63,151),(152,63,152),(153,64,153),(154,72,154),(155,72,155),(156,74,156),(157,74,157),(158,74,158),(159,75,159),(160,75,160),(161,75,161),(162,75,162),(163,75,163),(164,75,164),(165,75,165),(166,75,166),(167,75,167),(168,75,168),(169,75,169),(170,75,170),(171,76,171),(172,76,172),(173,80,173),(174,80,174),(175,81,175),(176,81,176),(177,81,177),(178,81,178),(179,82,179),(180,82,180),(181,82,181),(182,82,182),(183,82,184),(184,82,184),(185,82,185),(186,82,187),(187,82,187),(188,82,188),(189,82,189),(190,82,190),(191,83,192),(192,83,193),(193,83,193),(194,83,194),(195,84,195),(196,84,196),(197,84,197),(198,85,198),(199,86,199),(200,86,200),(201,87,201),(202,88,202),(203,88,203),(204,89,204),(205,89,205),(206,90,206),(207,91,207),(208,92,208),(209,93,209),(210,94,210),(211,95,211),(212,96,212),(213,97,213),(214,98,214),(215,99,215),(216,99,216),(217,100,217),(218,101,218),(219,102,219),(220,103,220),(221,103,221),(222,104,222),(223,105,223),(224,105,224),(225,105,225),(226,106,226),(227,106,227),(228,115,228),(229,115,229),(230,115,230),(231,116,231),(232,116,232),(233,116,233),(234,116,234),(235,117,235),(236,117,236),(237,117,237),(238,118,238),(239,118,239),(240,119,240),(241,119,241),(242,120,242),(243,120,243),(244,121,244),(245,121,245);
/*!40000 ALTER TABLE `user_farm_rel` ENABLE KEYS */;
UNLOCK TABLES;
SET @@SESSION.SQL_LOG_BIN = @MYSQLDUMP_TEMP_LOG_BIN;
/*!40103 SET TIME_ZONE=@OLD_TIME_ZONE */;

/*!40101 SET SQL_MODE=@OLD_SQL_MODE */;
/*!40014 SET FOREIGN_KEY_CHECKS=@OLD_FOREIGN_KEY_CHECKS */;
/*!40014 SET UNIQUE_CHECKS=@OLD_UNIQUE_CHECKS */;
/*!40101 SET CHARACTER_SET_CLIENT=@OLD_CHARACTER_SET_CLIENT */;
/*!40101 SET CHARACTER_SET_RESULTS=@OLD_CHARACTER_SET_RESULTS */;
/*!40101 SET COLLATION_CONNECTION=@OLD_COLLATION_CONNECTION */;
/*!40111 SET SQL_NOTES=@OLD_SQL_NOTES */;

-- Dump completed on 2020-12-30 19:06:22
